millis,stamp,datetime,motion
999,1533209700, 2018/8/2 11:35:0, Inactive
1999,1533209701, 2018/8/2 11:35:1, Inactive
2999,1533209702, 2018/8/2 11:35:2, Active
3998,1533209703, 2018/8/2 11:35:3, Active
4999,1533209704, 2018/8/2 11:35:4, Active
5999,1533209705, 2018/8/2 11:35:5, Active
7000,1533209706, 2018/8/2 11:35:6, Active
7999,1533209707, 2018/8/2 11:35:7, Active
8999,1533209708, 2018/8/2 11:35:8, Active
9999,1533209709, 2018/8/2 11:35:9, Active
10999,1533209710, 2018/8/2 11:35:10, Active
11999,1533209711, 2018/8/2 11:35:11, Active
12999,1533209712, 2018/8/2 11:35:12, Active
13999,1533209713, 2018/8/2 11:35:13, Active
14999,1533209714, 2018/8/2 11:35:14, Active
16000,1533209715, 2018/8/2 11:35:15, Active
16999,1533209716, 2018/8/2 11:35:16, Active
17999,1533209717, 2018/8/2 11:35:17, Active
18999,1533209718, 2018/8/2 11:35:18, Active
19999,1533209719, 2018/8/2 11:35:19, Active
20999,1533209720, 2018/8/2 11:35:20, Active
21999,1533209721, 2018/8/2 11:35:21, Inactive
22999,1533209722, 2018/8/2 11:35:22, Inactive
23999,1533209723, 2018/8/2 11:35:23, Active
24999,1533209724, 2018/8/2 11:35:24, Active
25999,1533209725, 2018/8/2 11:35:25, Active
26998,1533209726, 2018/8/2 11:35:26, Active
27999,1533209727, 2018/8/2 11:35:27, Active
28999,1533209728, 2018/8/2 11:35:28, Active
29999,1533209729, 2018/8/2 11:35:29, Active
30999,1533209730, 2018/8/2 11:35:30, Active
32000,1533209731, 2018/8/2 11:35:31, Active
32999,1533209732, 2018/8/2 11:35:32, Inactive
33999,1533209733, 2018/8/2 11:35:33, Inactive
34999,1533209734, 2018/8/2 11:35:34, Inactive
35999,1533209735, 2018/8/2 11:35:35, Inactive
36999,1533209736, 2018/8/2 11:35:36, Inactive
37999,1533209737, 2018/8/2 11:35:37, Inactive
39000,1533209738, 2018/8/2 11:35:38, Inactive
39999,1533209739, 2018/8/2 11:35:39, Inactive
40999,1533209740, 2018/8/2 11:35:40, Inactive
41999,1533209741, 2018/8/2 11:35:41, Inactive
42999,1533209742, 2018/8/2 11:35:42, Inactive
43999,1533209743, 2018/8/2 11:35:43, Inactive
44999,1533209744, 2018/8/2 11:35:44, Active
45999,1533209745, 2018/8/2 11:35:45, Active
46999,1533209746, 2018/8/2 11:35:46, Active
48000,1533209747, 2018/8/2 11:35:47, Active
48999,1533209748, 2018/8/2 11:35:48, Active
49999,1533209749, 2018/8/2 11:35:49, Active
50999,1533209750, 2018/8/2 11:35:50, Active
51999,1533209751, 2018/8/2 11:35:51, Active
52999,1533209752, 2018/8/2 11:35:52, Active
53999,1533209753, 2018/8/2 11:35:53, Active
55000,1533209754, 2018/8/2 11:35:54, Active
56000,1533209755, 2018/8/2 11:35:55, Active
56999,1533209756, 2018/8/2 11:35:56, Active
57999,1533209757, 2018/8/2 11:35:57, Active
58999,1533209758, 2018/8/2 11:35:58, Active
59999,1533209759, 2018/8/2 11:35:59, Active
60999,1533209760, 2018/8/2 11:36:0, Active
61999,1533209761, 2018/8/2 11:36:1, Active
62999,1533209762, 2018/8/2 11:36:2, Active
64000,1533209763, 2018/8/2 11:36:3, Active
64998,1533209764, 2018/8/2 11:36:4, Active
65999,1533209765, 2018/8/2 11:36:5, Active
66998,1533209766, 2018/8/2 11:36:6, Active
68000,1533209767, 2018/8/2 11:36:7, Active
69000,1533209768, 2018/8/2 11:36:8, Active
69999,1533209769, 2018/8/2 11:36:9, Active
71000,1533209770, 2018/8/2 11:36:10, Inactive
71999,1533209771, 2018/8/2 11:36:11, Inactive
72999,1533209772, 2018/8/2 11:36:12, Inactive
73999,1533209773, 2018/8/2 11:36:13, Inactive
74999,1533209774, 2018/8/2 11:36:14, Inactive
75999,1533209775, 2018/8/2 11:36:15, Inactive
76999,1533209776, 2018/8/2 11:36:16, Inactive
77999,1533209777, 2018/8/2 11:36:17, Inactive
78999,1533209778, 2018/8/2 11:36:18, Inactive
80000,1533209779, 2018/8/2 11:36:19, Inactive
80999,1533209780, 2018/8/2 11:36:20, Inactive
81999,1533209781, 2018/8/2 11:36:21, Inactive
82999,1533209782, 2018/8/2 11:36:22, Inactive
83999,1533209783, 2018/8/2 11:36:23, Inactive
84999,1533209784, 2018/8/2 11:36:24, Inactive
85999,1533209785, 2018/8/2 11:36:25, Inactive
87000,1533209786, 2018/8/2 11:36:26, Active
87999,1533209787, 2018/8/2 11:36:27, Active
88999,1533209788, 2018/8/2 11:36:28, Active
89998,1533209789, 2018/8/2 11:36:29, Active
90999,1533209790, 2018/8/2 11:36:30, Active
91999,1533209791, 2018/8/2 11:36:31, Active
92999,1533209792, 2018/8/2 11:36:32, Active
93999,1533209793, 2018/8/2 11:36:33, Active
94999,1533209794, 2018/8/2 11:36:34, Active
95998,1533209795, 2018/8/2 11:36:35, Active
96999,1533209796, 2018/8/2 11:36:36, Active
97999,1533209797, 2018/8/2 11:36:37, Active
98999,1533209798, 2018/8/2 11:36:38, Active
100000,1533209799, 2018/8/2 11:36:39, Active
101000,1533209800, 2018/8/2 11:36:40, Active
101999,1533209801, 2018/8/2 11:36:41, Active
103000,1533209802, 2018/8/2 11:36:42, Active
103999,1533209803, 2018/8/2 11:36:43, Active
104999,1533209804, 2018/8/2 11:36:44, Active
105999,1533209805, 2018/8/2 11:36:45, Active
106999,1533209806, 2018/8/2 11:36:46, Active
107999,1533209807, 2018/8/2 11:36:47, Active
108999,1533209808, 2018/8/2 11:36:48, Active
110000,1533209809, 2018/8/2 11:36:49, Active
110999,1533209810, 2018/8/2 11:36:50, Active
112000,1533209811, 2018/8/2 11:36:51, Active
112999,1533209812, 2018/8/2 11:36:52, Active
113999,1533209813, 2018/8/2 11:36:53, Active
114999,1533209814, 2018/8/2 11:36:54, Active
115999,1533209815, 2018/8/2 11:36:55, Active
116999,1533209816, 2018/8/2 11:36:56, Inactive
117999,1533209817, 2018/8/2 11:36:57, Inactive
119000,1533209818, 2018/8/2 11:36:58, Inactive
119999,1533209819, 2018/8/2 11:36:59, Active
120999,1533209820, 2018/8/2 11:37:0, Active
121999,1533209821, 2018/8/2 11:37:1, Active
122998,1533209822, 2018/8/2 11:37:2, Active
123999,1533209823, 2018/8/2 11:37:3, Active
124999,1533209824, 2018/8/2 11:37:4, Active
125999,1533209825, 2018/8/2 11:37:5, Active
126999,1533209826, 2018/8/2 11:37:6, Active
128000,1533209827, 2018/8/2 11:37:7, Active
128999,1533209828, 2018/8/2 11:37:8, Active
129999,1533209829, 2018/8/2 11:37:9, Active
130999,1533209830, 2018/8/2 11:37:10, Active
131999,1533209831, 2018/8/2 11:37:11, Active
132999,1533209832, 2018/8/2 11:37:12, Active
133999,1533209833, 2018/8/2 11:37:13, Inactive
135000,1533209834, 2018/8/2 11:37:14, Inactive
135999,1533209835, 2018/8/2 11:37:15, Inactive
136999,1533209836, 2018/8/2 11:37:16, Inactive
137999,1533209837, 2018/8/2 11:37:17, Inactive
138999,1533209838, 2018/8/2 11:37:18, Inactive
139999,1533209839, 2018/8/2 11:37:19, Inactive
140999,1533209840, 2018/8/2 11:37:20, Inactive
142000,1533209841, 2018/8/2 11:37:21, Inactive
142999,1533209842, 2018/8/2 11:37:22, Inactive
144000,1533209843, 2018/8/2 11:37:23, Inactive
144999,1533209844, 2018/8/2 11:37:24, Inactive
145999,1533209845, 2018/8/2 11:37:25, Inactive
146999,1533209846, 2018/8/2 11:37:26, Inactive
147999,1533209847, 2018/8/2 11:37:27, Inactive
148999,1533209848, 2018/8/2 11:37:28, Inactive
149999,1533209849, 2018/8/2 11:37:29, Inactive
151000,1533209850, 2018/8/2 11:37:30, Inactive
151999,1533209851, 2018/8/2 11:37:31, Inactive
152999,1533209852, 2018/8/2 11:37:32, Inactive
153999,1533209853, 2018/8/2 11:37:33, Inactive
154999,1533209854, 2018/8/2 11:37:34, Inactive
155999,1533209855, 2018/8/2 11:37:35, Inactive
156999,1533209856, 2018/8/2 11:37:36, Inactive
157999,1533209857, 2018/8/2 11:37:37, Inactive
158998,1533209858, 2018/8/2 11:37:38, Inactive
160000,1533209859, 2018/8/2 11:37:39, Inactive
160999,1533209860, 2018/8/2 11:37:40, Inactive
161999,1533209861, 2018/8/2 11:37:41, Inactive
162998,1533209862, 2018/8/2 11:37:42, Inactive
163999,1533209863, 2018/8/2 11:37:43, Inactive
164999,1533209864, 2018/8/2 11:37:44, Inactive
165999,1533209865, 2018/8/2 11:37:45, Inactive
167000,1533209866, 2018/8/2 11:37:46, Inactive
167999,1533209867, 2018/8/2 11:37:47, Inactive
168999,1533209868, 2018/8/2 11:37:48, Inactive
169999,1533209869, 2018/8/2 11:37:49, Inactive
170999,1533209870, 2018/8/2 11:37:50, Inactive
171999,1533209871, 2018/8/2 11:37:51, Inactive
172999,1533209872, 2018/8/2 11:37:52, Inactive
173999,1533209873, 2018/8/2 11:37:53, Inactive
174999,1533209874, 2018/8/2 11:37:54, Active
175998,1533209875, 2018/8/2 11:37:55, Active
176999,1533209876, 2018/8/2 11:37:56, Active
177999,1533209877, 2018/8/2 11:37:57, Active
178999,1533209878, 2018/8/2 11:37:58, Active
179999,1533209879, 2018/8/2 11:37:59, Active
180999,1533209880, 2018/8/2 11:38:0, Active
181999,1533209881, 2018/8/2 11:38:1, Active
183000,1533209882, 2018/8/2 11:38:2, Active
183999,1533209883, 2018/8/2 11:38:3, Active
184998,1533209884, 2018/8/2 11:38:4, Inactive
185999,1533209885, 2018/8/2 11:38:5, Inactive
186999,1533209886, 2018/8/2 11:38:6, Inactive
187999,1533209887, 2018/8/2 11:38:7, Inactive
188999,1533209888, 2018/8/2 11:38:8, Inactive
189999,1533209889, 2018/8/2 11:38:9, Inactive
190999,1533209890, 2018/8/2 11:38:10, Inactive
192000,1533209891, 2018/8/2 11:38:11, Inactive
192999,1533209892, 2018/8/2 11:38:12, Inactive
193999,1533209893, 2018/8/2 11:38:13, Inactive
194999,1533209894, 2018/8/2 11:38:14, Inactive
195999,1533209895, 2018/8/2 11:38:15, Inactive
197000,1533209896, 2018/8/2 11:38:16, Inactive
197999,1533209897, 2018/8/2 11:38:17, Inactive
199000,1533209898, 2018/8/2 11:38:18, Inactive
199999,1533209899, 2018/8/2 11:38:19, Inactive
200999,1533209900, 2018/8/2 11:38:20, Inactive
202000,1533209901, 2018/8/2 11:38:21, Inactive
202999,1533209902, 2018/8/2 11:38:22, Inactive
204000,1533209903, 2018/8/2 11:38:23, Inactive
204999,1533209904, 2018/8/2 11:38:24, Inactive
205999,1533209905, 2018/8/2 11:38:25, Inactive
206999,1533209906, 2018/8/2 11:38:26, Active
208000,1533209907, 2018/8/2 11:38:27, Active
208998,1533209908, 2018/8/2 11:38:28, Active
209999,1533209909, 2018/8/2 11:38:29, Active
210999,1533209910, 2018/8/2 11:38:30, Active
211998,1533209911, 2018/8/2 11:38:31, Active
212999,1533209912, 2018/8/2 11:38:32, Active
213999,1533209913, 2018/8/2 11:38:33, Active
215000,1533209914, 2018/8/2 11:38:34, Inactive
215999,1533209915, 2018/8/2 11:38:35, Inactive
216999,1533209916, 2018/8/2 11:38:36, Inactive
217999,1533209917, 2018/8/2 11:38:37, Inactive
218999,1533209918, 2018/8/2 11:38:38, Inactive
219999,1533209919, 2018/8/2 11:38:39, Inactive
220999,1533209920, 2018/8/2 11:38:40, Inactive
222000,1533209921, 2018/8/2 11:38:41, Inactive
222999,1533209922, 2018/8/2 11:38:42, Inactive
224000,1533209923, 2018/8/2 11:38:43, Inactive
224999,1533209924, 2018/8/2 11:38:44, Inactive
225999,1533209925, 2018/8/2 11:38:45, Inactive
226999,1533209926, 2018/8/2 11:38:46, Active
227999,1533209927, 2018/8/2 11:38:47, Active
228999,1533209928, 2018/8/2 11:38:48, Active
229999,1533209929, 2018/8/2 11:38:49, Active
231000,1533209930, 2018/8/2 11:38:50, Active
231999,1533209931, 2018/8/2 11:38:51, Active
232999,1533209932, 2018/8/2 11:38:52, Active
233999,1533209933, 2018/8/2 11:38:53, Inactive
234999,1533209934, 2018/8/2 11:38:54, Inactive
235999,1533209935, 2018/8/2 11:38:55, Inactive
236999,1533209936, 2018/8/2 11:38:56, Inactive
237999,1533209937, 2018/8/2 11:38:57, Active
238999,1533209938, 2018/8/2 11:38:58, Active
239998,1533209939, 2018/8/2 11:38:59, Active
240999,1533209940, 2018/8/2 11:39:0, Active
241999,1533209941, 2018/8/2 11:39:1, Active
242999,1533209942, 2018/8/2 11:39:2, Active
243999,1533209943, 2018/8/2 11:39:3, Active
244999,1533209944, 2018/8/2 11:39:4, Active
245999,1533209945, 2018/8/2 11:39:5, Active
247000,1533209946, 2018/8/2 11:39:6, Active
247999,1533209947, 2018/8/2 11:39:7, Active
248999,1533209948, 2018/8/2 11:39:8, Active
249999,1533209949, 2018/8/2 11:39:9, Active
250998,1533209950, 2018/8/2 11:39:10, Active
251999,1533209951, 2018/8/2 11:39:11, Active
252999,1533209952, 2018/8/2 11:39:12, Active
253999,1533209953, 2018/8/2 11:39:13, Active
254999,1533209954, 2018/8/2 11:39:14, Active
256000,1533209955, 2018/8/2 11:39:15, Active
256999,1533209956, 2018/8/2 11:39:16, Active
257999,1533209957, 2018/8/2 11:39:17, Active
258999,1533209958, 2018/8/2 11:39:18, Active
259999,1533209959, 2018/8/2 11:39:19, Active
260999,1533209960, 2018/8/2 11:39:20, Active
261998,1533209961, 2018/8/2 11:39:21, Active
263000,1533209962, 2018/8/2 11:39:22, Active
263999,1533209963, 2018/8/2 11:39:23, Active
264999,1533209964, 2018/8/2 11:39:24, Active
265999,1533209965, 2018/8/2 11:39:25, Active
266999,1533209966, 2018/8/2 11:39:26, Active
267999,1533209967, 2018/8/2 11:39:27, Active
268999,1533209968, 2018/8/2 11:39:28, Active
269999,1533209969, 2018/8/2 11:39:29, Active
270999,1533209970, 2018/8/2 11:39:30, Active
272000,1533209971, 2018/8/2 11:39:31, Active
272999,1533209972, 2018/8/2 11:39:32, Active
273999,1533209973, 2018/8/2 11:39:33, Active
274999,1533209974, 2018/8/2 11:39:34, Active
275999,1533209975, 2018/8/2 11:39:35, Active
276999,1533209976, 2018/8/2 11:39:36, Inactive
277999,1533209977, 2018/8/2 11:39:37, Inactive
279000,1533209978, 2018/8/2 11:39:38, Inactive
279999,1533209979, 2018/8/2 11:39:39, Inactive
280999,1533209980, 2018/8/2 11:39:40, Inactive
281999,1533209981, 2018/8/2 11:39:41, Inactive
282999,1533209982, 2018/8/2 11:39:42, Inactive
283999,1533209983, 2018/8/2 11:39:43, Inactive
284999,1533209984, 2018/8/2 11:39:44, Inactive
285999,1533209985, 2018/8/2 11:39:45, Inactive
286999,1533209986, 2018/8/2 11:39:46, Inactive
288000,1533209987, 2018/8/2 11:39:47, Inactive
288999,1533209988, 2018/8/2 11:39:48, Inactive
289999,1533209989, 2018/8/2 11:39:49, Inactive
290999,1533209990, 2018/8/2 11:39:50, Inactive
291999,1533209991, 2018/8/2 11:39:51, Inactive
292999,1533209992, 2018/8/2 11:39:52, Active
293999,1533209993, 2018/8/2 11:39:53, Active
295000,1533209994, 2018/8/2 11:39:54, Active
295999,1533209995, 2018/8/2 11:39:55, Active
296999,1533209996, 2018/8/2 11:39:56, Active
297999,1533209997, 2018/8/2 11:39:57, Active
298999,1533209998, 2018/8/2 11:39:58, Active
299999,1533209999, 2018/8/2 11:39:59, Active
300999,1533210000, 2018/8/2 11:40:0, Active
301999,1533210001, 2018/8/2 11:40:1, Inactive
302999,1533210002, 2018/8/2 11:40:2, Inactive
304000,1533210003, 2018/8/2 11:40:3, Inactive
304999,1533210004, 2018/8/2 11:40:4, Inactive
305999,1533210005, 2018/8/2 11:40:5, Inactive
306999,1533210006, 2018/8/2 11:40:6, Inactive
307999,1533210007, 2018/8/2 11:40:7, Inactive
309000,1533210008, 2018/8/2 11:40:8, Inactive
309999,1533210009, 2018/8/2 11:40:9, Inactive
311000,1533210010, 2018/8/2 11:40:10, Inactive
311999,1533210011, 2018/8/2 11:40:11, Inactive
312999,1533210012, 2018/8/2 11:40:12, Inactive
313999,1533210013, 2018/8/2 11:40:13, Inactive
314999,1533210014, 2018/8/2 11:40:14, Inactive
315999,1533210015, 2018/8/2 11:40:15, Inactive
316999,1533210016, 2018/8/2 11:40:16, Inactive
317999,1533210017, 2018/8/2 11:40:17, Inactive
318999,1533210018, 2018/8/2 11:40:18, Active
320000,1533210019, 2018/8/2 11:40:19, Active
320999,1533210020, 2018/8/2 11:40:20, Active
321998,1533210021, 2018/8/2 11:40:21, Active
322999,1533210022, 2018/8/2 11:40:22, Active
323999,1533210023, 2018/8/2 11:40:23, Active
324999,1533210024, 2018/8/2 11:40:24, Active
325999,1533210025, 2018/8/2 11:40:25, Active
327000,1533210026, 2018/8/2 11:40:26, Active
327999,1533210027, 2018/8/2 11:40:27, Active
328999,1533210028, 2018/8/2 11:40:28, Active
329999,1533210029, 2018/8/2 11:40:29, Active
330999,1533210030, 2018/8/2 11:40:30, Active
331999,1533210031, 2018/8/2 11:40:31, Active
332999,1533210032, 2018/8/2 11:40:32, Active
333999,1533210033, 2018/8/2 11:40:33, Inactive
334999,1533210034, 2018/8/2 11:40:34, Inactive
336000,1533210035, 2018/8/2 11:40:35, Active
336998,1533210036, 2018/8/2 11:40:36, Active
337999,1533210037, 2018/8/2 11:40:37, Active
338999,1533210038, 2018/8/2 11:40:38, Active
339999,1533210039, 2018/8/2 11:40:39, Active
340999,1533210040, 2018/8/2 11:40:40, Active
341999,1533210041, 2018/8/2 11:40:41, Active
343000,1533210042, 2018/8/2 11:40:42, Active
343999,1533210043, 2018/8/2 11:40:43, Active
344999,1533210044, 2018/8/2 11:40:44, Active
345999,1533210045, 2018/8/2 11:40:45, Active
346999,1533210046, 2018/8/2 11:40:46, Active
348000,1533210047, 2018/8/2 11:40:47, Active
348999,1533210048, 2018/8/2 11:40:48, Active
349999,1533210049, 2018/8/2 11:40:49, Active
350999,1533210050, 2018/8/2 11:40:50, Active
352000,1533210051, 2018/8/2 11:40:51, Active
352999,1533210052, 2018/8/2 11:40:52, Active
353999,1533210053, 2018/8/2 11:40:53, Active
354999,1533210054, 2018/8/2 11:40:54, Active
355999,1533210055, 2018/8/2 11:40:55, Active
356999,1533210056, 2018/8/2 11:40:56, Active
357999,1533210057, 2018/8/2 11:40:57, Active
359000,1533210058, 2018/8/2 11:40:58, Active
359999,1533210059, 2018/8/2 11:40:59, Active
360999,1533210060, 2018/8/2 11:41:0, Active
361999,1533210061, 2018/8/2 11:41:1, Active
362998,1533210062, 2018/8/2 11:41:2, Active
363999,1533210063, 2018/8/2 11:41:3, Active
364999,1533210064, 2018/8/2 11:41:4, Active
365999,1533210065, 2018/8/2 11:41:5, Active
366999,1533210066, 2018/8/2 11:41:6, Active
368000,1533210067, 2018/8/2 11:41:7, Active
368999,1533210068, 2018/8/2 11:41:8, Active
369998,1533210069, 2018/8/2 11:41:9, Active
370999,1533210070, 2018/8/2 11:41:10, Active
371999,1533210071, 2018/8/2 11:41:11, Active
372999,1533210072, 2018/8/2 11:41:12, Inactive
373999,1533210073, 2018/8/2 11:41:13, Inactive
375000,1533210074, 2018/8/2 11:41:14, Active
375999,1533210075, 2018/8/2 11:41:15, Active
376999,1533210076, 2018/8/2 11:41:16, Active
377999,1533210077, 2018/8/2 11:41:17, Active
378999,1533210078, 2018/8/2 11:41:18, Active
